﻿Code,"License Type","Indicator Name","Short definition","Long definition","Source","Topic","Periodicity","Aggregation method","Statistical concept and methodology","Development relevance","Limitations and exceptions","General comments","License URL"
TX.VAL.AGRI.ZS.UN,"CC BY-4.0","Agricultural raw materials exports (% of merchandise exports)","","Agricultural raw materials comprise SITC section 2 (crude materials except fuels) excluding divisions 22, 27 (crude fertilizers and minerals excluding coal, petroleum, and precious stones), and 28 (metalliferous ores and scrap).","World Bank staff estimates through the WITS platform from the Comtrade database maintained by the United Nations Statistics Division.","Private Sector & Trade: Exports","Annual","Weighted average","The classification of commodity groups is based on the Standard International Trade Classification (SITC) revision 3.","","Previous editions contained data based on the SITC revision 1. Data for earlier years in previous editions may differ because of the change in methodology. Concordance tables are available to convert data reported in one system to another.","Merchandise export shares may not sum to 100 percent because of unclassified trade.","https://datacatalog.worldbank.org/public-licenses#cc-by"
TM.VAL.AGRI.ZS.UN,"CC BY-4.0","Agricultural raw materials imports (% of merchandise imports)","","Agricultural raw materials comprise SITC section 2 (crude materials except fuels) excluding divisions 22, 27 (crude fertilizers and minerals excluding coal, petroleum, and precious stones), and 28 (metalliferous ores and scrap).","World Bank staff estimates through the WITS platform from the Comtrade database maintained by the United Nations Statistics Division.","Private Sector & Trade: Imports","Annual","Weighted average","The classification of commodity groups is based on the Standard International Trade Classification (SITC) revision 3.","","Previous editions contained data based on the SITC revision 1. Data for earlier years in previous editions may differ because of the change in methodology. Concordance tables are available to convert data reported in one system to another.","Merchandise import shares may not sum to 100 percent because of unclassified trade.","https://datacatalog.worldbank.org/public-licenses#cc-by"
TX.VAL.SERV.CD.WT,"CC BY-4.0","Commercial service exports (current US$)","","Commercial service exports are total service exports minus exports of government services not included elsewhere. International transactions in services are defined by the IMF's Balance of Payments Manual (1993) as the economic output of intangible commodities that may be produced, transferred, and consumed at the same time. Definitions may vary among reporting economies.","International Monetary Fund, Balance of Payments Statistics Yearbook and data files.","Private Sector & Trade: Exports","Annual","Gap-filled total","The balance of payments (BoP) is a double-entry accounting system that shows all flows of goods and services into and out of an economy; all transfers that are the counterpart of real resources or financial claims provided to or by the rest of the world without a quid pro quo, such as donations and grants; and all changes in residents' claims on and liabilities to nonresidents that arise from economic transactions. All transactions are recorded twice - once as a credit and once as a debit. In principle the net balance should be zero, but in practice the accounts often do not balance, requiring inclusion of a balancing item, net errors and omissions.

The concepts and definitions underlying the data are based on the sixth edition of the International Monetary Fund's (IMF) Balance of Payments Manual (BPM6). Balance of payments data for 2005 onward will be presented in accord with the BPM6. The historical BPM5 data series will end with data for 2008, which can be accessed through the World Development Indicators archives.

The complete balance of payments methodology can be accessed through the International Monetary Fund website (www.imf.org/external/np/sta/bop/bop.htm).","Trade in services differs from trade in goods because services are produced and consumed at the same time. Thus services to a traveler may be consumed in the producing country (for example, use of a hotel room) but are classified as imports of the traveler's country. In other cases services may be supplied from a remote location; for example, insurance services may be supplied from one location and consumed in another.","Balance of payments statistics, the main source of information on international trade in services, have many weaknesses. Disaggregation of important components may be limited and varies considerably across countries. There are inconsistencies in the methods used to report items. And the recording of major flows as net items is common (for example, insurance transactions are often recorded as premiums less claims). These factors contribute to a downward bias in the value of the service trade reported in the balance of payments.

Efforts are being made to improve the coverage, quality, and consistency of these data. Eurostat and the Organisation for Economic Co-operation and Development, for example, are working together to improve the collection of statistics on trade in services in member countries.

Still, difficulties in capturing all the dimensions of international trade in services mean that the record is likely to remain incomplete. Cross-border intrafirm service transactions, which are usually not captured in the balance of payments, have increased in recent years. An example is transnational corporations' use of mainframe computers around the clock for data processing, exploiting time zone differences between their home country and the host countries of their affiliates. Another important dimension of service trade not captured by conventional balance of payments statistics is establishment trade - sales in the host country by foreign affiliates. By contrast, cross-border intrafirm transactions in merchandise may be reported as exports or imports in the balance of payments.","","https://datacatalog.worldbank.org/public-licenses#cc-by"
TM.VAL.SERV.CD.WT,"CC BY-4.0","Commercial service imports (current US$)","","Commercial service imports are total service imports minus imports of government services not included elsewhere. International transactions in services are defined by the IMF's Balance of Payments Manual (1993) as the economic output of intangible commodities that may be produced, transferred, and consumed at the same time. Definitions may vary among reporting economies.","International Monetary Fund, Balance of Payments Statistics Yearbook and data files.","Private Sector & Trade: Imports","Annual","Gap-filled total","The balance of payments (BoP) is a double-entry accounting system that shows all flows of goods and services into and out of an economy; all transfers that are the counterpart of real resources or financial claims provided to or by the rest of the world without a quid pro quo, such as donations and grants; and all changes in residents' claims on and liabilities to nonresidents that arise from economic transactions. All transactions are recorded twice - once as a credit and once as a debit. In principle the net balance should be zero, but in practice the accounts often do not balance, requiring inclusion of a balancing item, net errors and omissions.

The concepts and definitions underlying the data are based on the sixth edition of the International Monetary Fund's (IMF) Balance of Payments Manual (BPM6). Balance of payments data for 2005 onward will be presented in accord with the BPM6. The historical BPM5 data series will end with data for 2008, which can be accessed through the World Development Indicators archives.

The complete balance of payments methodology can be accessed through the International Monetary Fund website (www.imf.org/external/np/sta/bop/bop.htm).","Trade in services differs from trade in goods because services are produced and consumed at the same time. Thus services to a traveler may be consumed in the producing country (for example, use of a hotel room) but are classified as imports of the traveler's country. In other cases services may be supplied from a remote location; for example, insurance services may be supplied from one location and consumed in another.","Balance of payments statistics, the main source of information on international trade in services, have many weaknesses. Disaggregation of important components may be limited and varies considerably across countries. There are inconsistencies in the methods used to report items. And the recording of major flows as net items is common (for example, insurance transactions are often recorded as premiums less claims). These factors contribute to a downward bias in the value of the service trade reported in the balance of payments.

Efforts are being made to improve the coverage, quality, and consistency of these data. Eurostat and the Organisation for Economic Co-operation and Development, for example, are working together to improve the collection of statistics on trade in services in member countries.

Still, difficulties in capturing all the dimensions of international trade in services mean that the record is likely to remain incomplete. Cross-border intrafirm service transactions, which are usually not captured in the balance of payments, have increased in recent years. An example is transnational corporations' use of mainframe computers around the clock for data processing, exploiting time zone differences between their home country and the host countries of their affiliates. Another important dimension of service trade not captured by conventional balance of payments statistics is establishment trade - sales in the host country by foreign affiliates. By contrast, cross-border intrafirm transactions in merchandise may be reported as exports or imports in the balance of payments.","","https://datacatalog.worldbank.org/public-licenses#cc-by"
TX.VAL.OTHR.ZS.WT,"CC BY-4.0","Computer, communications and other services (% of commercial service exports)","","Computer, communications and other services (% of commercial service exports) include such activities as international telecommunications, and postal and courier services; computer data; news-related service transactions between residents and nonresidents; construction services; royalties and license fees; miscellaneous business, professional, and technical services; and personal, cultural, and recreational services.","International Monetary Fund, Balance of Payments Statistics Yearbook and data files.","Private Sector & Trade: Exports","Annual","Weighted average","The balance of payments (BoP) is a double-entry accounting system that shows all flows of goods and services into and out of an economy; all transfers that are the counterpart of real resources or financial claims provided to or by the rest of the world without a quid pro quo, such as donations and grants; and all changes in residents' claims on and liabilities to nonresidents that arise from economic transactions. All transactions are recorded twice - once as a credit and once as a debit. In principle the net balance should be zero, but in practice the accounts often do not balance, requiring inclusion of a balancing item, net errors and omissions.

The concepts and definitions underlying the data are based on the sixth edition of the International Monetary Fund's (IMF) Balance of Payments Manual (BPM6). Balance of payments data for 2005 onward will be presented in accord with the BPM6. The historical BPM5 data series will end with data for 2008, which can be accessed through the World Development Indicators archives.

The complete balance of payments methodology can be accessed through the International Monetary Fund website (www.imf.org/external/np/sta/bop/bop.htm).","Trade in services differs from trade in goods because services are produced and consumed at the same time. Thus services to a traveler may be consumed in the producing country (for example, use of a hotel room) but are classified as imports of the traveler's country. In other cases services may be supplied from a remote location; for example, insurance services may be supplied from one location and consumed in another.","Balance of payments statistics, the main source of information on international trade in services, have many weaknesses. Disaggregation of important components may be limited and varies considerably across countries. There are inconsistencies in the methods used to report items. And the recording of major flows as net items is common (for example, insurance transactions are often recorded as premiums less claims). These factors contribute to a downward bias in the value of the service trade reported in the balance of payments.

Efforts are being made to improve the coverage, quality, and consistency of these data. Eurostat and the Organisation for Economic Co-operation and Development, for example, are working together to improve the collection of statistics on trade in services in member countries.

Still, difficulties in capturing all the dimensions of international trade in services mean that the record is likely to remain incomplete. Cross-border intrafirm service transactions, which are usually not captured in the balance of payments, have increased in recent years. An example is transnational corporations' use of mainframe computers around the clock for data processing, exploiting time zone differences between their home country and the host countries of their affiliates. Another important dimension of service trade not captured by conventional balance of payments statistics is establishment trade - sales in the host country by foreign affiliates. By contrast, cross-border intrafirm transactions in merchandise may be reported as exports or imports in the balance of payments.","","https://datacatalog.worldbank.org/public-licenses#cc-by"
TM.VAL.OTHR.ZS.WT,"CC BY-4.0","Computer, communications and other services (% of commercial service imports)","","Computer, communications and other services (% of commercial service imports) include such activities as international telecommunications, and postal and courier services; computer data; news-related service transactions between residents and nonresidents; construction services; royalties and license fees; miscellaneous business, professional, and technical services; and personal, cultural, and recreational services.","International Monetary Fund, Balance of Payments Statistics Yearbook and data files.","Private Sector & Trade: Imports","Annual","Weighted average","The balance of payments (BoP) is a double-entry accounting system that shows all flows of goods and services into and out of an economy; all transfers that are the counterpart of real resources or financial claims provided to or by the rest of the world without a quid pro quo, such as donations and grants; and all changes in residents' claims on and liabilities to nonresidents that arise from economic transactions. All transactions are recorded twice - once as a credit and once as a debit. In principle the net balance should be zero, but in practice the accounts often do not balance, requiring inclusion of a balancing item, net errors and omissions.

The concepts and definitions underlying the data are based on the sixth edition of the International Monetary Fund's (IMF) Balance of Payments Manual (BPM6). Balance of payments data for 2005 onward will be presented in accord with the BPM6. The historical BPM5 data series will end with data for 2008, which can be accessed through the World Development Indicators archives.

The complete balance of payments methodology can be accessed through the International Monetary Fund website (www.imf.org/external/np/sta/bop/bop.htm).","Trade in services differs from trade in goods because services are produced and consumed at the same time. Thus services to a traveler may be consumed in the producing country (for example, use of a hotel room) but are classified as imports of the traveler's country. In other cases services may be supplied from a remote location; for example, insurance services may be supplied from one location and consumed in another.","Balance of payments statistics, the main source of information on international trade in services, have many weaknesses. Disaggregation of important components may be limited and varies considerably across countries. There are inconsistencies in the methods used to report items. And the recording of major flows as net items is common (for example, insurance transactions are often recorded as premiums less claims). These factors contribute to a downward bias in the value of the service trade reported in the balance of payments.

Efforts are being made to improve the coverage, quality, and consistency of these data. Eurostat and the Organisation for Economic Co-operation and Development, for example, are working together to improve the collection of statistics on trade in services in member countries.

Still, difficulties in capturing all the dimensions of international trade in services mean that the record is likely to remain incomplete. Cross-border intrafirm service transactions, which are usually not captured in the balance of payments, have increased in recent years. An example is transnational corporations' use of mainframe computers around the clock for data processing, exploiting time zone differences between their home country and the host countries of their affiliates. Another important dimension of service trade not captured by conventional balance of payments statistics is establishment trade - sales in the host country by foreign affiliates. By contrast, cross-border intrafirm transactions in merchandise may be reported as exports or imports in the balance of payments.","","https://datacatalog.worldbank.org/public-licenses#cc-by"
TX.VAL.FOOD.ZS.UN,"CC BY-4.0","Food exports (% of merchandise exports)","","Food comprises the commodities in SITC sections 0 (food and live animals), 1 (beverages and tobacco), and 4 (animal and vegetable oils and fats) and SITC division 22 (oil seeds, oil nuts, and oil kernels).","World Bank staff estimates through the WITS platform from the Comtrade database maintained by the United Nations Statistics Division.","Private Sector & Trade: Exports","Annual","Weighted average","The classification of commodity groups is based on the Standard International Trade Classification (SITC) revision 3.","","Previous editions contained data based on the SITC revision 1. Data for earlier years in previous editions may differ because of the change in methodology. Concordance tables are available to convert data reported in one system to another.","Merchandise export shares may not sum to 100 percent because of unclassified trade.","https://datacatalog.worldbank.org/public-licenses#cc-by"
TM.VAL.FOOD.ZS.UN,"CC BY-4.0","Food imports (% of merchandise imports)","","Food comprises the commodities in SITC sections 0 (food and live animals), 1 (beverages and tobacco), and 4 (animal and vegetable oils and fats) and SITC division 22 (oil seeds, oil nuts, and oil kernels).","World Bank staff estimates through the WITS platform from the Comtrade database maintained by the United Nations Statistics Division.","Private Sector & Trade: Imports","Annual","Weighted average","The classification of commodity groups is based on the Standard International Trade Classification (SITC) revision 3.","","Previous editions contained data based on the SITC revision 1. Data for earlier years in previous editions may differ because of the change in methodology. Concordance tables are available to convert data reported in one system to another.","Merchandise import shares may not sum to 100 percent because of unclassified trade.","https://datacatalog.worldbank.org/public-licenses#cc-by"
TX.VAL.FUEL.ZS.UN,"CC BY-4.0","Fuel exports (% of merchandise exports)","","Fuels comprise the commodities in SITC section 3 (mineral fuels, lubricants and related materials).","World Bank staff estimates through the WITS platform from the Comtrade database maintained by the United Nations Statistics Division.","Private Sector & Trade: Exports","Annual","Weighted average","The classification of commodity groups is based on the Standard International Trade Classification (SITC) revision 3.","","Previous editions contained data based on the SITC revision 1. Data for earlier years in previous editions may differ because of the change in methodology. Concordance tables are available to convert data reported in one system to another.","Merchandise export shares may not sum to 100 percent because of unclassified trade.","https://datacatalog.worldbank.org/public-licenses#cc-by"
TM.VAL.FUEL.ZS.UN,"CC BY-4.0","Fuel imports (% of merchandise imports)","","Fuels comprise the commodities in SITC section 3 (mineral fuels, lubricants and related materials).","World Bank staff estimates through the WITS platform from the Comtrade database maintained by the United Nations Statistics Division.","Private Sector & Trade: Imports","Annual","Weighted average","The classification of commodity groups is based on the Standard International Trade Classification (SITC) revision 3.","","Previous editions contained data based on the SITC revision 1. Data for earlier years in previous editions may differ because of the change in methodology. Concordance tables are available to convert data reported in one system to another.","Merchandise import shares may not sum to 100 percent because of unclassified trade.","https://datacatalog.worldbank.org/public-licenses#cc-by"
TX.VAL.INSF.ZS.WT,"CC BY-4.0","Insurance and financial services (% of commercial service exports)","","Insurance and financial services cover freight insurance on goods exported and other direct insurance such as life insurance; financial intermediation services such as commissions, foreign exchange transactions, and brokerage services; and auxiliary services such as financial market operational and regulatory services.","International Monetary Fund, Balance of Payments Statistics Yearbook and data files.","Private Sector & Trade: Exports","Annual","Weighted average","The balance of payments (BoP) is a double-entry accounting system that shows all flows of goods and services into and out of an economy; all transfers that are the counterpart of real resources or financial claims provided to or by the rest of the world without a quid pro quo, such as donations and grants; and all changes in residents' claims on and liabilities to nonresidents that arise from economic transactions. All transactions are recorded twice - once as a credit and once as a debit. In principle the net balance should be zero, but in practice the accounts often do not balance, requiring inclusion of a balancing item, net errors and omissions.

The concepts and definitions underlying the data are based on the sixth edition of the International Monetary Fund's (IMF) Balance of Payments Manual (BPM6). Balance of payments data for 2005 onward will be presented in accord with the BPM6. The historical BPM5 data series will end with data for 2008, which can be accessed through the World Development Indicators archives.

The complete balance of payments methodology can be accessed through the International Monetary Fund website (www.imf.org/external/np/sta/bop/bop.htm).","Trade in services differs from trade in goods because services are produced and consumed at the same time. Thus services to a traveler may be consumed in the producing country (for example, use of a hotel room) but are classified as imports of the traveler's country. In other cases services may be supplied from a remote location; for example, insurance services may be supplied from one location and consumed in another.","Balance of payments statistics, the main source of information on international trade in services, have many weaknesses. Disaggregation of important components may be limited and varies considerably across countries. There are inconsistencies in the methods used to report items. And the recording of major flows as net items is common (for example, insurance transactions are often recorded as premiums less claims). These factors contribute to a downward bias in the value of the service trade reported in the balance of payments.

Efforts are being made to improve the coverage, quality, and consistency of these data. Eurostat and the Organisation for Economic Co-operation and Development, for example, are working together to improve the collection of statistics on trade in services in member countries.

Still, difficulties in capturing all the dimensions of international trade in services mean that the record is likely to remain incomplete. Cross-border intrafirm service transactions, which are usually not captured in the balance of payments, have increased in recent years. An example is transnational corporations' use of mainframe computers around the clock for data processing, exploiting time zone differences between their home country and the host countries of their affiliates. Another important dimension of service trade not captured by conventional balance of payments statistics is establishment trade - sales in the host country by foreign affiliates. By contrast, cross-border intrafirm transactions in merchandise may be reported as exports or imports in the balance of payments.","","https://datacatalog.worldbank.org/public-licenses#cc-by"
TM.VAL.INSF.ZS.WT,"CC BY-4.0","Insurance and financial services (% of commercial service imports)","","Insurance and financial services cover freight insurance on goods imported and other direct insurance such as life insurance; financial intermediation services such as commissions, foreign exchange transactions, and brokerage services; and auxiliary services such as financial market operational and regulatory services.","International Monetary Fund, Balance of Payments Statistics Yearbook and data files.","Private Sector & Trade: Imports","Annual","Weighted average","The balance of payments (BoP) is a double-entry accounting system that shows all flows of goods and services into and out of an economy; all transfers that are the counterpart of real resources or financial claims provided to or by the rest of the world without a quid pro quo, such as donations and grants; and all changes in residents' claims on and liabilities to nonresidents that arise from economic transactions. All transactions are recorded twice - once as a credit and once as a debit. In principle the net balance should be zero, but in practice the accounts often do not balance, requiring inclusion of a balancing item, net errors and omissions.

The concepts and definitions underlying the data are based on the sixth edition of the International Monetary Fund's (IMF) Balance of Payments Manual (BPM6). Balance of payments data for 2005 onward will be presented in accord with the BPM6. The historical BPM5 data series will end with data for 2008, which can be accessed through the World Development Indicators archives.

The complete balance of payments methodology can be accessed through the International Monetary Fund website (www.imf.org/external/np/sta/bop/bop.htm).","Trade in services differs from trade in goods because services are produced and consumed at the same time. Thus services to a traveler may be consumed in the producing country (for example, use of a hotel room) but are classified as imports of the traveler's country. In other cases services may be supplied from a remote location; for example, insurance services may be supplied from one location and consumed in another.","Balance of payments statistics, the main source of information on international trade in services, have many weaknesses. Disaggregation of important components may be limited and varies considerably across countries. There are inconsistencies in the methods used to report items. And the recording of major flows as net items is common (for example, insurance transactions are often recorded as premiums less claims). These factors contribute to a downward bias in the value of the service trade reported in the balance of payments.

Efforts are being made to improve the coverage, quality, and consistency of these data. Eurostat and the Organisation for Economic Co-operation and Development, for example, are working together to improve the collection of statistics on trade in services in member countries.

Still, difficulties in capturing all the dimensions of international trade in services mean that the record is likely to remain incomplete. Cross-border intrafirm service transactions, which are usually not captured in the balance of payments, have increased in recent years. An example is transnational corporations' use of mainframe computers around the clock for data processing, exploiting time zone differences between their home country and the host countries of their affiliates. Another important dimension of service trade not captured by conventional balance of payments statistics is establishment trade - sales in the host country by foreign affiliates. By contrast, cross-border intrafirm transactions in merchandise may be reported as exports or imports in the balance of payments.","","https://datacatalog.worldbank.org/public-licenses#cc-by"
TX.VAL.MANF.ZS.UN,"CC BY-4.0","Manufactures exports (% of merchandise exports)","","Manufactures comprise commodities in SITC sections 5 (chemicals), 6 (basic manufactures), 7 (machinery and transport equipment), and 8 (miscellaneous manufactured goods), excluding division 68 (non-ferrous metals).","World Bank staff estimates through the WITS platform from the Comtrade database maintained by the United Nations Statistics Division.","Private Sector & Trade: Exports","Annual","Weighted average","The classification of commodity groups is based on the Standard International Trade Classification (SITC) revision 3.","","Previous editions contained data based on the SITC revision 1. Data for earlier years in previous editions may differ because of the change in methodology. Concordance tables are available to convert data reported in one system to another.","Merchandise export shares may not sum to 100 percent because of unclassified trade.","https://datacatalog.worldbank.org/public-licenses#cc-by"
TM.VAL.MANF.ZS.UN,"CC BY-4.0","Manufactures imports (% of merchandise imports)","","Manufactures comprise the commodities in SITC sections 5 (chemicals), 6 (basic manufactures), 7 (machinery and transport equipment), and 8 (miscellaneous manufactured goods), excluding division 68 (nonferrous metals).","World Bank staff estimates through the WITS platform from the Comtrade database maintained by the United Nations Statistics Division.","Private Sector & Trade: Imports","Annual","Weighted average","The classification of commodity groups is based on the Standard International Trade Classification (SITC) revision 3.","","Previous editions contained data based on the SITC revision 1. Data for earlier years in previous editions may differ because of the change in methodology. Concordance tables are available to convert data reported in one system to another.","Merchandise import shares may not sum to 100 percent because of unclassified trade.","https://datacatalog.worldbank.org/public-licenses#cc-by"
TX.MNF.TECH.ZS.UN,"CC BY-4.0","Medium and high-tech exports (% manufactured exports)","","Share of medium and high-tech manufactured exports in total manufactured exports.","United Nations Industrial Development Organization (UNIDO), Competitive Industrial Performance (CIP) database","Infrastructure: Technology","Annual","","The data from UN COMTRADE is downloaded in SITC Revision 3, 3-digit, by reporting country, year, partner code, commodity and flow (export and re-export). SITC medium technology: 266, 267, 512, 513, 533, 553, 554, 562, 571, 572, 573, 574, 575, 579, 581, 582, 583, 591, 593, 597, 598, 653, 671, 672, 678, 711, 712,713, 714, 721, 722, 723, 724, 725, 726, 727, 728, 731, 733, 735, 737, 741, 742, 743, 744, 745, 746, 747, 748, 749, 761, 762, 763, 772, 773, 775, 778, 781, 782, 783, 784, 785, 786, 791, 793, 811, 812, 813, 872, 873, 882, 884, 885; SITC high technology: 525, 541, 542, 716, 718, 751, 752, 759, 764, 771, 774, 776, 792, 871, 874, 881, 891. Net-exports are calculated as exports minus re-exports. Manufactured exports, is the sum of the four categories resource-based exports, low-tech exports, medium tech exports and high-tech exports; and medium-high technology exports, is the sum of medium tech exports and high-tech exports. The world value of manufacturing exports is the sum of all manufacturing net exports. For additional information please see Table B.2.1 in Appendix B of UNIDO (2017): http://stat.unido.org/content/publications/volume-i%252c-competitive-industrial-performance-report-2016","Industrial development generally entails a structural transition from resource-based and low technology activities to medium and high-tech industry (MHT) activities. A modern, highly complex production structure offers better opportunities for skills development and technological innovation. MHT activities are also the high value addition industries of manufacturing with higher technological intensity and labor productivity. Increasing the share of MHT sectors also reflects the impact of innovation.","Missing values at country level are imputed based on the methodology from Competitive Industrial Performance Report (UNIDO, 2017).","","https://datacatalog.worldbank.org/public-licenses#cc-by"
TX.VAL.MRCH.CD.WT,"CC BY-4.0","Merchandise exports (current US$)","","Merchandise exports show the f.o.b. value of goods provided to the rest of the world valued in current U.S. dollars.","World Trade Organization.","Private Sector & Trade: Exports","Annual","Gap-filled total","Merchandise trade data are from customs reports of goods moving into or out of an economy or from reports of financial transactions related to merchandise trade recorded in the balance of payments. Because of differences in timing and definitions, trade flow estimates from customs reports and balance of payments may differ. Several international agencies process trade data, each correcting unreported or misreported data, leading to other differences.

The data on total exports of goods (merchandise) are from the World Trade Organization (WTO), which obtains data from national statistical offices and the IMF's International Financial Statistics, supplemented by the Comtrade database and publications or databases of regional organizations, specialized agencies, economic groups, and private sources (such as Eurostat, the Food and Agriculture Organization, and country reports of the Economist Intelligence Unit). Country websites and email contact have improved collection of up-to-date statistics, reducing the proportion of estimates. The WTO database now covers most major traders in Africa, Asia, and Latin America, which together with high-income countries account for nearly 95 percent of world trade. Reliability of data for countries in Europe and Central Asia has also improved.","","Exports are recorded as the cost of the goods delivered to the frontier of the exporting country for shipment - the free on board (f.o.b.) value.

Countries may report trade according to the general or special system of trade. Under the general system exports comprise outward-moving goods that are (a) goods wholly or partly produced in the country; (b) foreign goods, neither transformed nor declared for domestic consumption in the country, that move outward from customs storage; and (c) goods previously included as imports for domestic consumption but subsequently exported without transformation. Under the special system exports comprise categories a and c. In some compilations categories b and c are classified as re-exports. Because of differences in reporting practices, data on exports may not be fully comparable across economies.

Data on exports of goods are derived from the same sources as data on imports. In principle, world exports and imports should be identical. Similarly, exports from an economy should equal the sum of imports by the rest of the world from that economy. But differences in timing and definitions result in discrepancies in reported values at all levels.","","https://datacatalog.worldbank.org/public-licenses#cc-by"
TX.VAL.MRCH.WL.CD,"CC BY-4.0","Merchandise exports by the reporting economy (current US$)","Merchandise exports by the reporting economy are the total merchandise exports by the reporting economy to the rest of the world, as reported in the IMF's Direction of trade database. Data are in current U.S. dollars.","Merchandise exports by the reporting economy are the total merchandise exports by the reporting economy to the rest of the world, as reported in the IMF's Direction of trade database. Data are in current US$.","World Bank staff estimates based data from International Monetary Fund's Direction of Trade database.","Private Sector & Trade: Exports","Annual","Sum","","","","","https://datacatalog.worldbank.org/public-licenses#cc-by"
TX.VAL.MRCH.RS.ZS,"CC BY-4.0","Merchandise exports by the reporting economy, residual (% of total merchandise exports)","","Merchandise exports by the reporting economy residuals are the total merchandise exports by the reporting economy to the rest of the world as reported in the IMF's Direction of trade database, less the sum of exports by the reporting economy to high-, low-, and middle-income economies according to the World Bank classification of economies. Includes trade with unspecified partners or with economies not covered by World Bank classification. Data are as a percentage of total merchandise exports by the economy.","World Bank staff estimates based data from International Monetary Fund's Direction of Trade database.","Private Sector & Trade: Exports","Annual","Weighted average","","","","","https://datacatalog.worldbank.org/public-licenses#cc-by"
TX.VAL.MRCH.AL.ZS,"CC BY-4.0","Merchandise exports to economies in the Arab World (% of total merchandise exports)","","Merchandise exports to economies in the Arab World are the sum of merchandise exports by the reporting economy to economies in the Arab World. Data are expressed as a percentage of total merchandise exports by the economy. Data are computed only if at least half of the economies in the partner country group had non-missing data.","World Bank staff estimates based data from International Monetary Fund's Direction of Trade database.","Private Sector & Trade: Exports","Annual","Weighted average","","","","","https://datacatalog.worldbank.org/public-licenses#cc-by"
TX.VAL.MRCH.HI.ZS,"CC BY-4.0","Merchandise exports to high-income economies (% of total merchandise exports)","Merchandise exports to high-income economies are the sum of merchandise exports from the reporting economy to high-income economies according to the World Bank classification of economies. Data are expressed as a percentage of total merchandise exports by the economy.","Merchandise exports to high-income economies are the sum of merchandise exports from the reporting economy to high-income economies according to the World Bank classification of economies. Data are expressed as a percentage of total merchandise exports by the economy. Data are computed only if at least half of the economies in the partner country group had non-missing data.","World Bank staff estimates based data from International Monetary Fund's Direction of Trade database.","Private Sector & Trade: Exports","Annual","Weighted average","","Low- and middle-income economies are an increasingly important part of the global trading system. Trade between high-income economies and low- and middle-income economies has grown faster than trade between high-income economies. This increased trade benefits both producers and consumers in developing and high-income economies.

At the regional level most exports from low- and middle-income economies are to high-income economies, but the share of intraregional trade is increasing. Geographic patterns of trade vary widely by country and commodity. Larger shares of exports from oil- and resource-rich economies are to high-income economies.","Data on exports and imports are from the International Monetary Fund's (IMF) Direction of Trade database and should be broadly consistent with data from other sources, such as the United Nations Statistics Division's Commodity Trade (Comtrade) database. All high-income economies and major low- and middle-income economies report trade data to the IMF on a timely basis, covering about 85 percent of trade for recent years. Trade data for less timely reporters and for countries that do not report are estimated using reports of trading partner countries. Therefore, data on trade between developing and high-income economies should be generally complete. But trade flows between many low- and middle-income economies - particularly those in Sub-Saharan Africa - are not well recorded, and the value of trade among low- and middle-income economies may be understated.","","https://datacatalog.worldbank.org/public-licenses#cc-by"
TX.VAL.MRCH.R1.ZS,"CC BY-4.0","Merchandise exports to low- and middle-income economies in East Asia & Pacific (% of total merchandise exports)","Merchandise exports to low- and middle-income economies in East Asia and Pacific are the sum of merchandise exports from the reporting economy to low- and middle-income economies in the East Asia and Pacific region according to World Bank classification of economies. Data are as a percentage of total merchandise exports by the economy.","Merchandise exports to low- and middle-income economies in East Asia and Pacific are the sum of merchandise exports from the reporting economy to low- and middle-income economies in the East Asia and Pacific region according to World Bank classification of economies. Data are as a percentage of total merchandise exports by the economy. Data are computed only if at least half of the economies in the partner country group had non-missing data.","World Bank staff estimates based data from International Monetary Fund's Direction of Trade database.","Private Sector & Trade: Exports","Annual","Weighted average","","","","","https://datacatalog.worldbank.org/public-licenses#cc-by"
TX.VAL.MRCH.R2.ZS,"CC BY-4.0","Merchandise exports to low- and middle-income economies in Europe & Central Asia (% of total merchandise exports)","Merchandise exports to low- and middle-income economies in Europe and Central Asia are the sum of merchandise exports from the reporting economy to low- and middle-income economies in the Europe and Central Asia region according to World Bank classification of economies. Data are as a percentage of total merchandise exports by the economy.","Merchandise exports to low- and middle-income economies in Europe and Central Asia are the sum of merchandise exports from the reporting economy to low- and middle-income economies in the Europe and Central Asia region according to World Bank classification of economies. Data are as a percentage of total merchandise exports by the economy. Data are computed only if at least half of the economies in the partner country group had non-missing data.","World Bank staff estimates based data from International Monetary Fund's Direction of Trade database.","Private Sector & Trade: Exports","Annual","Weighted average","","","","","https://datacatalog.worldbank.org/public-licenses#cc-by"
TX.VAL.MRCH.R3.ZS,"CC BY-4.0","Merchandise exports to low- and middle-income economies in Latin America & the Caribbean (% of total merchandise exports)","Merchandise exports to low- and middle-income economies in Latin America and the Caribbean are the sum of merchandise exports from the reporting economy to low- and middle-income economies in the Latin America and the Caribbean region according to World Bank classification of economies. Data are as a percentage of total merchandise exports by the economy.","Merchandise exports to low- and middle-income economies in Latin America and the Caribbean are the sum of merchandise exports from the reporting economy to low- and middle-income economies in the Latin America and the Caribbean region according to World Bank classification of economies. Data are as a percentage of total merchandise exports by the economy. Data are computed only if at least half of the economies in the partner country group had non-missing data.","World Bank staff estimates based data from International Monetary Fund's Direction of Trade database.","Private Sector & Trade: Exports","Annual","Weighted average","","","","","https://datacatalog.worldbank.org/public-licenses#cc-by"
TX.VAL.MRCH.R4.ZS,"CC BY-4.0","Merchandise exports to low- and middle-income economies in Middle East & North Africa (% of total merchandise exports)","Merchandise exports to low- and middle-income economies in Middle East and North Africa are the sum of merchandise exports from the reporting economy to low- and middle-income economies in the Middle East and North Africa region according to World Bank classification of economies. Data are as a percentage of total merchandise exports by the economy.","Merchandise exports to low- and middle-income economies in Middle East and North Africa are the sum of merchandise exports from the reporting economy to low- and middle-income economies in the Middle East and North Africa region according to World Bank classification of economies. Data are as a percentage of total merchandise exports by the economy. Data are computed only if at least half of the economies in the partner country group had non-missing data.","World Bank staff estimates based data from International Monetary Fund's Direction of Trade database.","Private Sector & Trade: Exports","Annual","Weighted average","","","","","https://datacatalog.worldbank.org/public-licenses#cc-by"
TX.VAL.MRCH.R5.ZS,"CC BY-4.0","Merchandise exports to low- and middle-income economies in South Asia (% of total merchandise exports)","Merchandise exports to low- and middle-income economies in South Asia are the sum of merchandise exports from the reporting economy to low- and middle-income economies in the South Asia region according to World Bank classification of economies. Data are as a percentage of total merchandise exports by the economy.","Merchandise exports to low- and middle-income economies in South Asia are the sum of merchandise exports from the reporting economy to low- and middle-income economies in the South Asia region according to World Bank classification of economies. Data are as a percentage of total merchandise exports by the economy. Data are computed only if at least half of the economies in the partner country group had non-missing data.","World Bank staff estimates based data from International Monetary Fund's Direction of Trade database.","Private Sector & Trade: Exports","Annual","Weighted average","","","","","https://datacatalog.worldbank.org/public-licenses#cc-by"
TX.VAL.MRCH.R6.ZS,"CC BY-4.0","Merchandise exports to low- and middle-income economies in Sub-Saharan Africa (% of total merchandise exports)","Merchandise exports to low- and middle-income economies in Sub-Saharan Africa are the sum of merchandise exports from the reporting economy to low- and middle-income economies in the Sub-Saharan Africa region according to World Bank classification of economies. Data are as a percentage of total merchandise exports by the economy.","Merchandise exports to low- and middle-income economies in Sub-Saharan Africa are the sum of merchandise exports from the reporting economy to low- and middle-income economies in the Sub-Saharan Africa region according to World Bank classification of economies. Data are as a percentage of total merchandise exports by the economy. Data are computed only if at least half of the economies in the partner country group had non-missing data.","World Bank staff estimates based data from International Monetary Fund's Direction of Trade database.","Private Sector & Trade: Exports","Annual","Weighted average","","","","","https://datacatalog.worldbank.org/public-licenses#cc-by"
TX.VAL.MRCH.OR.ZS,"CC BY-4.0","Merchandise exports to low- and middle-income economies outside region (% of total merchandise exports)","Merchandise exports to low- and middle-income economies outside region are the sum of merchandise exports from the reporting economy to other low- and middle-income economies in other World Bank regions according to the World Bank classification of economies. Data are expressed as a percentage of total merchandise exports by the economy.","Merchandise exports to low- and middle-income economies outside region are the sum of merchandise exports from the reporting economy to other low- and middle-income economies in other World Bank regions according to the World Bank classification of economies. Data are expressed as a percentage of total merchandise exports by the economy. Data are computed only if at least half of the economies in the partner country group had non-missing data.","World Bank staff estimates based data from International Monetary Fund's Direction of Trade database.","Private Sector & Trade: Exports","Annual","Weighted average","","Although global integration has increased, low- and middle-income economies still face trade barriers when accessing other markets.","Data on exports and imports are from the International Monetary Fund's (IMF) Direction of Trade database and should be broadly consistent with data from other sources, such as the United Nations Statistics Division's Commodity Trade (Comtrade) database. All high-income economies and major low- and middle-income economies report trade data to the IMF on a timely basis, covering about 85 percent of trade for recent years. Trade data for less timely reporters and for countries that do not report are estimated using reports of trading partner countries. Therefore, data on trade between developing and high-income economies should be generally complete. But trade flows between many low- and middle-income economies - particularly those in Sub-Saharan Africa - are not well recorded, and the value of trade among low- and middle-income economies may be understated.","","https://datacatalog.worldbank.org/public-licenses#cc-by"
TX.VAL.MRCH.WR.ZS,"CC BY-4.0","Merchandise exports to low- and middle-income economies within region (% of total merchandise exports)","Merchandise exports to low- and middle-income economies within region are the sum of merchandise exports from the reporting economy to other low- and middle-income economies in the same World Bank region as a percentage of total merchandise exports by the economy.","Merchandise exports to low- and middle-income economies within region are the sum of merchandise exports from the reporting economy to other low- and middle-income economies in the same World Bank region as a percentage of total merchandise exports by the economy. Data are computed only if at least half of the economies in the partner country group had non-missing data. No figures are shown for high-income economies, because they are a separate category in the World Bank classification of economies.","World Bank staff estimates based data from International Monetary Fund's Direction of Trade database.","Private Sector & Trade: Exports","Annual","Weighted average","","The relative importance of intraregional trade is higher for both landlocked countries and small countries with close trade links to the largest regional economy. For most low- and middle-income economies - especially smaller ones - there is a "geographic bias" favoring intraregional trade. Despite the broad trend toward globalization and the reduction of trade barriers, the relative share of intraregional trade increased for most economies between 1999 and 2010. This is due partly to trade-related advantages, such as proximity, lower transport costs, increased knowledge from repeated interaction, and cultural and historical affinity. The direction of trade is also influenced by preferential trade agreements that a country has made with other economies. Though formal agreements on trade liberalization do not automatically increase trade, they nevertheless affect the direction of trade between the participating economies.","Data on exports and imports are from the International Monetary Fund's (IMF) Direction of Trade database and should be broadly consistent with data from other sources, such as the United Nations Statistics Division's Commodity Trade (Comtrade) database. All high-income economies and major low- and middle-income economies report trade data to the IMF on a timely basis, covering about 85 percent of trade for recent years. Trade data for less timely reporters and for countries that do not report are estimated using reports of trading partner countries. Therefore, data on trade between developing and high-income economies should be generally complete. But trade flows between many low- and middle-income economies - particularly those in Sub-Saharan Africa - are not well recorded, and the value of trade among low- and middle-income economies may be understated.","","https://datacatalog.worldbank.org/public-licenses#cc-by"
TM.VAL.MRCH.CD.WT,"CC BY-4.0","Merchandise imports (current US$)","","Merchandise imports show the c.i.f. value of goods received from the rest of the world valued in current U.S. dollars.","World Trade Organization.","Private Sector & Trade: Imports","Annual","Gap-filled total","Merchandise trade data are from customs reports of goods moving into or out of an economy or from reports of financial transactions related to merchandise trade recorded in the balance of payments. Because of differences in timing and definitions, trade flow estimates from customs reports and balance of payments may differ. Several international agencies process trade data, each correcting unreported or misreported data, leading to other differences.

The data on total imports of goods (merchandise) are from the World Trade Organization (WTO), which obtains data from national statistical offices and the IMF's International Financial Statistics, supplemented by the Comtrade database and publications or databases of regional organizations, specialized agencies, economic groups, and private sources (such as Eurostat, the Food and Agriculture Organization, and country reports of the Economist Intelligence Unit). Country websites and email contact have improved collection of up-to-date statistics, reducing the proportion of estimates. The WTO database now covers most major traders in Africa, Asia, and Latin America, which together with high-income countries account for nearly 95 percent of world trade. Reliability of data for countries in Europe and Central Asia has also improved.","","The value of imports is generally recorded as the cost of the goods when purchased by the importer plus the cost of transport and insurance to the frontier of the importing country - the cost, insurance, and freight (c.i.f.) value, corresponding to the landed cost at the point of entry of foreign goods into the country. A few countries collect import data on a free on board (f.o.b.) basis and adjust them for freight and insurance costs.

Countries may report trade according to the general or special system of trade. Under the general system imports include goods imported for domestic consumption and imports into bonded warehouses and free trade zones. Under the special system imports comprise goods imported for domestic consumption (including transformation and repair) and withdrawals for domestic consumption from bonded warehouses and free trade zones. Goods transported through a country en route to another are excluded.

Data on imports of goods are derived from the same sources as data on exports. In principle, world exports and imports should be identical. Similarly, exports from an economy should equal the sum of imports by the rest of the world from that economy. But differences in timing and definitions result in discrepancies in reported values at all levels.","","https://datacatalog.worldbank.org/public-licenses#cc-by"
TM.VAL.MRCH.WL.CD,"CC BY-4.0","Merchandise imports by the reporting economy (current US$)","","Merchandise imports by the reporting economy are the total merchandise imports by the reporting economy from the rest of the world, as reported in the IMF's Direction of trade database. Data are in current U.S. dollars.","World Bank staff estimates based data from International Monetary Fund's Direction of Trade database.","Private Sector & Trade: Imports","Annual","Sum","","","","","https://datacatalog.worldbank.org/public-licenses#cc-by"
TM.VAL.MRCH.RS.ZS,"CC BY-4.0","Merchandise imports by the reporting economy, residual (% of total merchandise imports)","","Merchandise imports by the reporting economy residuals are the total merchandise imports by the reporting economy from the rest of the world as reported in the IMF's Direction of trade database, less the sum of imports by the reporting economy from high-, low-, and middle-income economies according to the World Bank classification of economies. Includes trade with unspecified partners or with economies not covered by World Bank classification. Data are as a percentage of total merchandise imports by the economy.","World Bank staff estimates based data from International Monetary Fund's Direction of Trade database.","Private Sector & Trade: Imports","Annual","Weighted average","","","","","https://datacatalog.worldbank.org/public-licenses#cc-by"
TM.VAL.MRCH.AL.ZS,"CC BY-4.0","Merchandise imports from economies in the Arab World (% of total merchandise imports)","","Merchandise imports from economies in the Arab World are the sum of merchandise imports by the reporting economy from economies in the Arab World. Data are expressed as a percentage of total merchandise imports by the economy. Data are computed only if at least half of the economies in the partner country group had non-missing data.","World Bank staff estimates based data from International Monetary Fund's Direction of Trade database.","Private Sector & Trade: Imports","Annual","Weighted average","","","","","https://datacatalog.worldbank.org/public-licenses#cc-by"
TM.VAL.MRCH.HI.ZS,"CC BY-4.0","Merchandise imports from high-income economies (% of total merchandise imports)","Merchandise imports from high-income economies are the sum of merchandise imports by the reporting economy from high-income economies according to the World Bank classification of economies. Data are expressed as a percentage of total merchandise imports by the economy.","Merchandise imports from high-income economies are the sum of merchandise imports by the reporting economy from high-income economies according to the World Bank classification of economies. Data are expressed as a percentage of total merchandise imports by the economy. Data are computed only if at least half of the economies in the partner country group had non-missing data.","World Bank staff estimates based data from International Monetary Fund's Direction of Trade database.","Private Sector & Trade: Imports","Annual","Weighted average","","Low- and middle-income economies are an increasingly important part of the global trading system. Trade between high-income economies and low- and middle-income economies has grown faster than trade between high-income economies. This increased trade benefits both producers and consumers in developing and high-income economies.","Data on exports and imports are from the International Monetary Fund's (IMF) Direction of Trade database and should be broadly consistent with data from other sources, such as the United Nations Statistics Division's Commodity Trade (Comtrade) database. All high-income economies and major low- and middle-income economies report trade data to the IMF on a timely basis, covering about 85 percent of trade for recent years. Trade data for less timely reporters and for countries that do not report are estimated using reports of trading partner countries. Therefore, data on trade between developing and high-income economies should be generally complete. But trade flows between many low- and middle-income economies - particularly those in Sub-Saharan Africa - are not well recorded, and the value of trade among low- and middle-income economies may be understated.","","https://datacatalog.worldbank.org/public-licenses#cc-by"
TM.VAL.MRCH.R1.ZS,"CC BY-4.0","Merchandise imports from low- and middle-income economies in East Asia & Pacific (% of total merchandise imports)","Merchandise imports from low- and middle-income economies in East Asia and Pacific are the sum of merchandise imports by the reporting economy from low- and middle-income economies in the East Asia and Pacific region according to the World Bank classification of economies. Data are expressed as a percentage of total merchandise imports by the economy.","Merchandise imports from low- and middle-income economies in East Asia and Pacific are the sum of merchandise imports by the reporting economy from low- and middle-income economies in the East Asia and Pacific region according to the World Bank classification of economies. Data are expressed as a percentage of total merchandise imports by the economy. Data are computed only if at least half of the economies in the partner country group had non-missing data.","World Bank staff estimates based data from International Monetary Fund's Direction of Trade database.","Private Sector & Trade: Imports","Annual","Weighted average","","","","","https://datacatalog.worldbank.org/public-licenses#cc-by"
TM.VAL.MRCH.R2.ZS,"CC BY-4.0","Merchandise imports from low- and middle-income economies in Europe & Central Asia (% of total merchandise imports)","Merchandise imports from low- and middle-income economies in Europe and Central Asia are the sum of merchandise imports by the reporting economy from low- and middle-income economies in the Europe and Central Asia region according to the World Bank classification of economies. Data are expressed as a percentage of total merchandise imports by the economy.","Merchandise imports from low- and middle-income economies in Europe and Central Asia are the sum of merchandise imports by the reporting economy from low- and middle-income economies in the Europe and Central Asia region according to the World Bank classification of economies. Data are expressed as a percentage of total merchandise imports by the economy. Data are computed only if at least half of the economies in the partner country group had non-missing data.","World Bank staff estimates based data from International Monetary Fund's Direction of Trade database.","Private Sector & Trade: Imports","Annual","Weighted average","","","","","https://datacatalog.worldbank.org/public-licenses#cc-by"
TM.VAL.MRCH.R3.ZS,"CC BY-4.0","Merchandise imports from low- and middle-income economies in Latin America & the Caribbean (% of total merchandise imports)","Merchandise imports from low- and middle-income economies in Latin America and the Caribbean are the sum of merchandise imports by the reporting economy from low- and middle-income economies in the Latin America and the Caribbean region according to the World Bank classification of economies. Data are expressed as a percentage of total merchandise imports by the economy.","Merchandise imports from low- and middle-income economies in Latin America and the Caribbean are the sum of merchandise imports by the reporting economy from low- and middle-income economies in the Latin America and the Caribbean region according to the World Bank classification of economies. Data are expressed as a percentage of total merchandise imports by the economy. Data are computed only if at least half of the economies in the partner country group had non-missing data.","World Bank staff estimates based data from International Monetary Fund's Direction of Trade database.","Private Sector & Trade: Imports","Annual","Weighted average","","","","","https://datacatalog.worldbank.org/public-licenses#cc-by"
TM.VAL.MRCH.R4.ZS,"CC BY-4.0","Merchandise imports from low- and middle-income economies in Middle East & North Africa (% of total merchandise imports)","Merchandise imports from low- and middle-income economies in Middle East and North Africa are the sum of merchandise imports by the reporting economy from low- and middle-income economies in the Middle East and North Africa region according to the World Bank classification of economies. Data are expressed as a percentage of total merchandise imports by the economy.","Merchandise imports from low- and middle-income economies in Middle East and North Africa are the sum of merchandise imports by the reporting economy from low- and middle-income economies in the Middle East and North Africa region according to the World Bank classification of economies. Data are expressed as a percentage of total merchandise imports by the economy. Data are computed only if at least half of the economies in the partner country group had non-missing data.","World Bank staff estimates based data from International Monetary Fund's Direction of Trade database.","Private Sector & Trade: Imports","Annual","Weighted average","","","","","https://datacatalog.worldbank.org/public-licenses#cc-by"
TM.VAL.MRCH.R5.ZS,"CC BY-4.0","Merchandise imports from low- and middle-income economies in South Asia (% of total merchandise imports)","Merchandise imports from low- and middle-income economies in South Asia are the sum of merchandise imports by the reporting economy from low- and middle-income economies in the South Asia region according to the World Bank classification of economies. Data are expressed as a percentage of total merchandise imports by the economy.","Merchandise imports from low- and middle-income economies in South Asia are the sum of merchandise imports by the reporting economy from low- and middle-income economies in the South Asia region according to the World Bank classification of economies. Data are expressed as a percentage of total merchandise imports by the economy. Data are computed only if at least half of the economies in the partner country group had non-missing data.","World Bank staff estimates based data from International Monetary Fund's Direction of Trade database.","Private Sector & Trade: Imports","Annual","Weighted average","","","","","https://datacatalog.worldbank.org/public-licenses#cc-by"
TM.VAL.MRCH.R6.ZS,"CC BY-4.0","Merchandise imports from low- and middle-income economies in Sub-Saharan Africa (% of total merchandise imports)","Merchandise imports from low- and middle-income economies in Sub-Saharan Africa are the sum of merchandise imports by the reporting economy from low- and middle-income economies in the Sub-Saharan Africa region according to the World Bank classification of economies. Data are expressed as a percentage of total merchandise imports by the economy.","Merchandise imports from low- and middle-income economies in Sub-Saharan Africa are the sum of merchandise imports by the reporting economy from low- and middle-income economies in the Sub-Saharan Africa region according to the World Bank classification of economies. Data are expressed as a percentage of total merchandise imports by the economy. Data are computed only if at least half of the economies in the partner country group had non-missing data.","World Bank staff estimates based data from International Monetary Fund's Direction of Trade database.","Private Sector & Trade: Imports","Annual","Weighted average","","","","","https://datacatalog.worldbank.org/public-licenses#cc-by"
TM.VAL.MRCH.OR.ZS,"CC BY-4.0","Merchandise imports from low- and middle-income economies outside region (% of total merchandise imports)","Merchandise imports from low- and middle-income economies outside region are the sum of merchandise imports by the reporting economy from other low- and middle-income economies in other World Bank regions according to the World Bank classification of economies. Data are expressed as a percentage of total merchandise imports by the economy.","Merchandise imports from low- and middle-income economies outside region are the sum of merchandise imports by the reporting economy from other low- and middle-income economies in other World Bank regions according to the World Bank classification of economies. Data are expressed as a percentage of total merchandise imports by the economy. Data are computed only if at least half of the economies in the partner country group had non-missing data.","World Bank staff estimates based data from International Monetary Fund's Direction of Trade database.","Private Sector & Trade: Imports","Annual","Weighted average","","Although global integration has increased, low- and middle-income economies still face trade barriers when accessing other markets.","Data on exports and imports are from the International Monetary Fund's (IMF) Direction of Trade database and should be broadly consistent with data from other sources, such as the United Nations Statistics Division's Commodity Trade (Comtrade) database. All high-income economies and major low- and middle-income economies report trade data to the IMF on a timely basis, covering about 85 percent of trade for recent years. Trade data for less timely reporters and for countries that do not report are estimated using reports of trading partner countries. Therefore, data on trade between developing and high-income economies should be generally complete. But trade flows between many low- and middle-income economies - particularly those in Sub-Saharan Africa - are not well recorded, and the value of trade among low- and middle-income economies may be understated.","","https://datacatalog.worldbank.org/public-licenses#cc-by"
TM.VAL.MRCH.WR.ZS,"CC BY-4.0","Merchandise imports from low- and middle-income economies within region (% of total merchandise imports)","Merchandise imports from low- and middle-income economies within region are the sum of merchandise imports by the reporting economy from other low- and middle-income economies in the same World Bank region according to the World Bank classification of economies. Data are as a percentage of total merchandise imports by the economy.","Merchandise imports from low- and middle-income economies within region are the sum of merchandise imports by the reporting economy from other low- and middle-income economies in the same World Bank region according to the World Bank classification of economies. Data are as a percentage of total merchandise imports by the economy. Data are computed only if at least half of the economies in the partner country group had non-missing data. No figures are shown for high-income economies, because they are a separate category in the World Bank classification of economies.","World Bank staff estimates based data from International Monetary Fund's Direction of Trade database.","Private Sector & Trade: Imports","Annual","Weighted average","","The relative importance of intraregional trade is higher for both landlocked countries and small countries with close trade links to the largest regional economy. For most low- and middle-income economies - especially smaller ones - there is a "geographic bias" favoring intraregional trade. Despite the broad trend toward globalization and the reduction of trade barriers, the relative share of intraregional trade increased for most economies between 1999 and 2010. This is due partly to trade-related advantages, such as proximity, lower transport costs, increased knowledge from repeated interaction, and cultural and historical affinity. The direction of trade is also influenced by preferential trade agreements that a country has made with other economies. Though formal agreements on trade liberalization do not automatically increase trade, they nevertheless affect the direction of trade between the participating economies.","Data on exports and imports are from the International Monetary Fund's (IMF) Direction of Trade database and should be broadly consistent with data from other sources, such as the United Nations Statistics Division's Commodity Trade (Comtrade) database. All high-income economies and major low- and middle-income economies report trade data to the IMF on a timely basis, covering about 85 percent of trade for recent years. Trade data for less timely reporters and for countries that do not report are estimated using reports of trading partner countries. Therefore, data on trade between developing and high-income economies should be generally complete. But trade flows between many low- and middle-income economies - particularly those in Sub-Saharan Africa - are not well recorded, and the value of trade among low- and middle-income economies may be understated.","","https://datacatalog.worldbank.org/public-licenses#cc-by"
TX.VAL.MMTL.ZS.UN,"CC BY-4.0","Ores and metals exports (% of merchandise exports)","","Ores and metals comprise the commodities in SITC sections 27 (crude fertilizer, minerals nes); 28 (metalliferous ores, scrap); and 68 (non-ferrous metals).","World Bank staff estimates through the WITS platform from the Comtrade database maintained by the United Nations Statistics Division.","Private Sector & Trade: Exports","Annual","Weighted average","The classification of commodity groups is based on the Standard International Trade Classification (SITC) revision 3.","","Previous editions contained data based on the SITC revision 1. Data for earlier years in previous editions may differ because of the change in methodology. Concordance tables are available to convert data reported in one system to another.","Merchandise export shares may not sum to 100 percent because of unclassified trade.","https://datacatalog.worldbank.org/public-licenses#cc-by"
TM.VAL.MMTL.ZS.UN,"CC BY-4.0","Ores and metals imports (% of merchandise imports)","","Ores and metals comprise commodities in SITC sections 27 (crude fertilizer, minerals nes); 28 (metalliferous ores, scrap); and 68 (non-ferrous metals).","World Bank staff estimates through the WITS platform from the Comtrade database maintained by the United Nations Statistics Division.","Private Sector & Trade: Imports","Annual","Weighted average","The classification of commodity groups is based on the Standard International Trade Classification (SITC) revision 3.","","Previous editions contained data based on the SITC revision 1. Data for earlier years in previous editions may differ because of the change in methodology. Concordance tables are available to convert data reported in one system to another.","Merchandise import shares may not sum to 100 percent because of unclassified trade.","https://datacatalog.worldbank.org/public-licenses#cc-by"
TX.VAL.TRAN.ZS.WT,"CC BY-4.0","Transport services (% of commercial service exports)","","Transport services (% of commercial service exports) covers all transport services (sea, air, land, internal waterway, space, and pipeline) performed by residents of one economy for those of another and involving the carriage of passengers, movement of goods (freight), rental of carriers with crew, and related support and auxiliary services. Excluded are freight insurance, which is included in insurance services; goods procured in ports by nonresident carriers and repairs of transport equipment, which are included in goods; repairs of railway facilities, harbors, and airfield facilities, which are included in construction services; and rental of carriers without crew, which is included in other services.","International Monetary Fund, Balance of Payments Statistics Yearbook and data files.","Private Sector & Trade: Exports","Annual","Weighted average","The balance of payments (BoP) is a double-entry accounting system that shows all flows of goods and services into and out of an economy; all transfers that are the counterpart of real resources or financial claims provided to or by the rest of the world without a quid pro quo, such as donations and grants; and all changes in residents' claims on and liabilities to nonresidents that arise from economic transactions. All transactions are recorded twice - once as a credit and once as a debit. In principle the net balance should be zero, but in practice the accounts often do not balance, requiring inclusion of a balancing item, net errors and omissions.

The concepts and definitions underlying the data are based on the sixth edition of the International Monetary Fund's (IMF) Balance of Payments Manual (BPM6). Balance of payments data for 2005 onward will be presented in accord with the BPM6. The historical BPM5 data series will end with data for 2008, which can be accessed through the World Development Indicators archives.

The complete balance of payments methodology can be accessed through the International Monetary Fund website (www.imf.org/external/np/sta/bop/bop.htm).","Trade in services differs from trade in goods because services are produced and consumed at the same time. Thus services to a traveler may be consumed in the producing country (for example, use of a hotel room) but are classified as imports of the traveler's country. In other cases services may be supplied from a remote location; for example, insurance services may be supplied from one location and consumed in another.","Balance of payments statistics, the main source of information on international trade in services, have many weaknesses. Disaggregation of important components may be limited and varies considerably across countries. There are inconsistencies in the methods used to report items. And the recording of major flows as net items is common (for example, insurance transactions are often recorded as premiums less claims). These factors contribute to a downward bias in the value of the service trade reported in the balance of payments.

Efforts are being made to improve the coverage, quality, and consistency of these data. Eurostat and the Organisation for Economic Co-operation and Development, for example, are working together to improve the collection of statistics on trade in services in member countries.

Still, difficulties in capturing all the dimensions of international trade in services mean that the record is likely to remain incomplete. Cross-border intrafirm service transactions, which are usually not captured in the balance of payments, have increased in recent years. An example is transnational corporations' use of mainframe computers around the clock for data processing, exploiting time zone differences between their home country and the host countries of their affiliates. Another important dimension of service trade not captured by conventional balance of payments statistics is establishment trade - sales in the host country by foreign affiliates. By contrast, cross-border intrafirm transactions in merchandise may be reported as exports or imports in the balance of payments.","","https://datacatalog.worldbank.org/public-licenses#cc-by"
TM.VAL.TRAN.ZS.WT,"CC BY-4.0","Transport services (% of commercial service imports)","","Transport services (% of commercial service imports) covers all transport services (sea, air, land, internal waterway, space, and pipeline) performed by residents of one economy for those of another and involving the carriage of passengers, movement of goods (freight), rental of carriers with crew, and related support and auxiliary services. Excluded are freight insurance, which is included in insurance services; goods procured in ports by nonresident carriers and repairs of transport equipment, which are included in goods; repairs of railway facilities, harbors, and airfield facilities, which are included in construction services; and rental of carriers without crew, which is included in other services.","International Monetary Fund, Balance of Payments Statistics Yearbook and data files.","Private Sector & Trade: Imports","Annual","Weighted average","The balance of payments (BoP) is a double-entry accounting system that shows all flows of goods and services into and out of an economy; all transfers that are the counterpart of real resources or financial claims provided to or by the rest of the world without a quid pro quo, such as donations and grants; and all changes in residents' claims on and liabilities to nonresidents that arise from economic transactions. All transactions are recorded twice - once as a credit and once as a debit. In principle the net balance should be zero, but in practice the accounts often do not balance, requiring inclusion of a balancing item, net errors and omissions.

The concepts and definitions underlying the data are based on the sixth edition of the International Monetary Fund's (IMF) Balance of Payments Manual (BPM6). Balance of payments data for 2005 onward will be presented in accord with the BPM6. The historical BPM5 data series will end with data for 2008, which can be accessed through the World Development Indicators archives.

The complete balance of payments methodology can be accessed through the International Monetary Fund website (www.imf.org/external/np/sta/bop/bop.htm).","Trade in services differs from trade in goods because services are produced and consumed at the same time. Thus services to a traveler may be consumed in the producing country (for example, use of a hotel room) but are classified as imports of the traveler's country. In other cases services may be supplied from a remote location; for example, insurance services may be supplied from one location and consumed in another.","Balance of payments statistics, the main source of information on international trade in services, have many weaknesses. Disaggregation of important components may be limited and varies considerably across countries. There are inconsistencies in the methods used to report items. And the recording of major flows as net items is common (for example, insurance transactions are often recorded as premiums less claims). These factors contribute to a downward bias in the value of the service trade reported in the balance of payments.

Efforts are being made to improve the coverage, quality, and consistency of these data. Eurostat and the Organisation for Economic Co-operation and Development, for example, are working together to improve the collection of statistics on trade in services in member countries.

Still, difficulties in capturing all the dimensions of international trade in services mean that the record is likely to remain incomplete. Cross-border intrafirm service transactions, which are usually not captured in the balance of payments, have increased in recent years. An example is transnational corporations' use of mainframe computers around the clock for data processing, exploiting time zone differences between their home country and the host countries of their affiliates. Another important dimension of service trade not captured by conventional balance of payments statistics is establishment trade - sales in the host country by foreign affiliates. By contrast, cross-border intrafirm transactions in merchandise may be reported as exports or imports in the balance of payments.","","https://datacatalog.worldbank.org/public-licenses#cc-by"
TX.VAL.TRVL.ZS.WT,"CC BY-4.0","Travel services (% of commercial service exports)","","Travel services (% of commercial service exports) covers goods and services acquired from an economy by travelers in that economy for their own use during visits of less than one year for business or personal purposes. Travel services include the goods and services consumed by travelers, such as lodging and meals and transport (within the economy visited).","International Monetary Fund, Balance of Payments Statistics Yearbook and data files.","Private Sector & Trade: Exports","Annual","Weighted average","The balance of payments (BoP) is a double-entry accounting system that shows all flows of goods and services into and out of an economy; all transfers that are the counterpart of real resources or financial claims provided to or by the rest of the world without a quid pro quo, such as donations and grants; and all changes in residents' claims on and liabilities to nonresidents that arise from economic transactions. All transactions are recorded twice - once as a credit and once as a debit. In principle the net balance should be zero, but in practice the accounts often do not balance, requiring inclusion of a balancing item, net errors and omissions.

The concepts and definitions underlying the data are based on the sixth edition of the International Monetary Fund's (IMF) Balance of Payments Manual (BPM6). Balance of payments data for 2005 onward will be presented in accord with the BPM6. The historical BPM5 data series will end with data for 2008, which can be accessed through the World Development Indicators archives.

The complete balance of payments methodology can be accessed through the International Monetary Fund website (www.imf.org/external/np/sta/bop/bop.htm).","Trade in services differs from trade in goods because services are produced and consumed at the same time. Thus services to a traveler may be consumed in the producing country (for example, use of a hotel room) but are classified as imports of the traveler's country. In other cases services may be supplied from a remote location; for example, insurance services may be supplied from one location and consumed in another.","Balance of payments statistics, the main source of information on international trade in services, have many weaknesses. Disaggregation of important components may be limited and varies considerably across countries. There are inconsistencies in the methods used to report items. And the recording of major flows as net items is common (for example, insurance transactions are often recorded as premiums less claims). These factors contribute to a downward bias in the value of the service trade reported in the balance of payments.

Efforts are being made to improve the coverage, quality, and consistency of these data. Eurostat and the Organisation for Economic Co-operation and Development, for example, are working together to improve the collection of statistics on trade in services in member countries.

Still, difficulties in capturing all the dimensions of international trade in services mean that the record is likely to remain incomplete. Cross-border intrafirm service transactions, which are usually not captured in the balance of payments, have increased in recent years. An example is transnational corporations' use of mainframe computers around the clock for data processing, exploiting time zone differences between their home country and the host countries of their affiliates. Another important dimension of service trade not captured by conventional balance of payments statistics is establishment trade - sales in the host country by foreign affiliates. By contrast, cross-border intrafirm transactions in merchandise may be reported as exports or imports in the balance of payments.","","https://datacatalog.worldbank.org/public-licenses#cc-by"
TM.VAL.TRVL.ZS.WT,"CC BY-4.0","Travel services (% of commercial service imports)","","Travel services (% of commercial service imports) covers goods and services acquired from an economy by travelers in that economy for their own use during visits of less than one year for business or personal purposes. Travel services include the goods and services consumed by travelers, such as lodging, meals, and transport (within the economy visited).","International Monetary Fund, Balance of Payments Statistics Yearbook and data files.","Private Sector & Trade: Imports","Annual","Weighted average","The balance of payments (BoP) is a double-entry accounting system that shows all flows of goods and services into and out of an economy; all transfers that are the counterpart of real resources or financial claims provided to or by the rest of the world without a quid pro quo, such as donations and grants; and all changes in residents' claims on and liabilities to nonresidents that arise from economic transactions. All transactions are recorded twice - once as a credit and once as a debit. In principle the net balance should be zero, but in practice the accounts often do not balance, requiring inclusion of a balancing item, net errors and omissions.

The concepts and definitions underlying the data are based on the sixth edition of the International Monetary Fund's (IMF) Balance of Payments Manual (BPM6). Balance of payments data for 2005 onward will be presented in accord with the BPM6. The historical BPM5 data series will end with data for 2008, which can be accessed through the World Development Indicators archives.

The complete balance of payments methodology can be accessed through the International Monetary Fund website (www.imf.org/external/np/sta/bop/bop.htm).","Trade in services differs from trade in goods because services are produced and consumed at the same time. Thus services to a traveler may be consumed in the producing country (for example, use of a hotel room) but are classified as imports of the traveler's country. In other cases services may be supplied from a remote location; for example, insurance services may be supplied from one location and consumed in another.","Balance of payments statistics, the main source of information on international trade in services, have many weaknesses. Disaggregation of important components may be limited and varies considerably across countries. There are inconsistencies in the methods used to report items. And the recording of major flows as net items is common (for example, insurance transactions are often recorded as premiums less claims). These factors contribute to a downward bias in the value of the service trade reported in the balance of payments.

Efforts are being made to improve the coverage, quality, and consistency of these data. Eurostat and the Organisation for Economic Co-operation and Development, for example, are working together to improve the collection of statistics on trade in services in member countries.

Still, difficulties in capturing all the dimensions of international trade in services mean that the record is likely to remain incomplete. Cross-border intrafirm service transactions, which are usually not captured in the balance of payments, have increased in recent years. An example is transnational corporations' use of mainframe computers around the clock for data processing, exploiting time zone differences between their home country and the host countries of their affiliates. Another important dimension of service trade not captured by conventional balance of payments statistics is establishment trade - sales in the host country by foreign affiliates. By contrast, cross-border intrafirm transactions in merchandise may be reported as exports or imports in the balance of payments.","","https://datacatalog.worldbank.org/public-licenses#cc-by"
